,Program ID,Name,Email,Phone
0,PANTRY03,Craig Pelton,pelton@deanmail.com,555-555-5555
1,PANTRY04,Hobert Rawthorne,greendalepantry@greendale.edu,333-333-3333
2,PANTRY05,Hobert Rawthorne,greendalepantry@greendale.edu,333-333-3333
3,PANTRY06,Hobert Rawthorne,greendalepantry@greendale.edu,333-333-3333
4,PANTRY07,Hobert Rawthorne,greendalepantry@greendale.edu,333-333-3333
5,PANTRY08,Hobert Rawthorne,greendalepantry@greendale.edu,333-333-3333
6,PANTRY09,Hobert Rawthorne,greendalepantry@greendale.edu,333-333-3333
7,PANTRY10,Hobert Rawthorne,greendalepantry@greendale.edu,333-333-3333
8,PANTRY11,Hobert Rawthorne,greendalepantry@greendale.edu,333-333-3333
9,PANTRY12,Hobert Rawthorne,greendalepantry@greendale.edu,333-333-3333
10,PANTRY13,Hobert Rawthorne,greendalepantry@greendale.edu,333-333-3333
11,PANTRY14,Hobert Rawthorne,greendalepantry@greendale.edu,333-333-3333
12,PANTRY15,Hobert Rawthorne,greendalepantry@greendale.edu,333-333-3333
13,PANTRY16,Hobert Rawthorne,greendalepantry@greendale.edu,333-333-3333
14,PANTRY17,Hobert Rawthorne,greendalepantry@greendale.edu,333-333-3333
15,PANTRY18,Hobert Rawthorne,greendalepantry@greendale.edu,333-333-3333
16,PANTRY19,Hobert Rawthorne,greendalepantry@greendale.edu,333-333-3333
